,INF_ALL,TG,HU,RR,FG
2013-09-29,1.0,216.85714285714286,65.68253968253968,16.206349206349206,29.98412698412698
2013-10-06,1.0,208.26984126984127,68.73809523809524,25.285714285714285,29.206349206349202
2013-10-13,0.0,170.11111111111111,61.19047619047618,1.2857142857142856,21.587301587301585
2013-10-20,1.0,185.3809523809524,68.61904761904762,7.460317460317461,25.063492063492063
2013-10-27,0.0,174.76190476190476,73.92063492063492,43.92063492063492,33.76190476190476
2013-11-03,1.0,137.46031746031747,63.82539682539683,9.825396825396826,29.523809523809526
2013-11-10,0.0,151.30158730158732,68.34920634920634,22.682539682539684,42.23809523809524
2013-11-17,3.0,111.53968253968254,68.69841269841271,55.74603174603175,37.96825396825397
2013-11-24,6.0,74.60317460317461,67.42857142857143,21.46031746031746,43.333333333333336
2013-12-01,11.0,58.15873015873016,62.82539682539683,3.571428571428571,36.79365079365079
2013-12-08,28.0,74.26984126984127,66.06349206349206,0.0,20.6031746031746
2013-12-15,46.0,78.38095238095238,69.53968253968254,6.492063492063492,24.507936507936506
2013-12-22,46.0,78.82539682539682,71.46031746031746,20.03174603174603,27.317460317460316
2013-12-29,83.0,87.74603174603175,73.84126984126983,39.76190476190476,44.698412698412696
2014-01-05,243.0,96.1904761904762,75.61904761904762,35.664021164021165,34.74603174603175
2014-01-12,492.0,104.34920634920634,73.52380952380952,5.73015873015873,25.666666666666668
2014-01-19,494.0,84.76190476190476,77.9047619047619,41.523809523809526,34.73015873015873
2014-01-26,361.0,94.0,71.4126984126984,41.539682539682545,42.95238095238095
2014-02-02,241.0,78.55555555555556,69.84126984126983,33.80952380952381,46.301587301587304
2014-02-09,163.0,86.93650793650794,72.42857142857143,36.095238095238095,50.98412698412699
2014-02-16,120.0,95.03174603174602,72.68253968253968,24.301587301587304,45.57142857142857
2014-02-23,70.0,88.15873015873017,66.5873015873016,10.920634920634921,36.74603174603175
2014-03-02,37.0,98.03174603174602,72.17460317460318,47.61904761904762,45.06349206349206
2014-03-09,26.0,112.9047619047619,61.285714285714285,9.984126984126982,43.698412698412696
2014-03-16,23.0,115.50793650793649,58.0,4.444444444444445,26.412698412698415
2014-03-23,12.0,126.68253968253968,63.03174603174604,6.857142857142858,31.492063492063494
2014-03-30,12.0,99.6984126984127,66.57142857142857,38.761904761904766,48.285714285714285
2014-04-06,7.0,135.84126984126982,70.34920634920634,29.555555555555557,39.96825396825397
2014-04-13,4.0,166.12698412698413,63.93650793650794,3.904761904761905,27.50793650793651
2014-04-20,3.0,168.12698412698413,61.22222222222222,15.666666666666666,25.904761904761905
2014-04-27,1.0,140.55555555555554,67.39682539682539,27.22222222222222,37.80952380952381
2014-05-04,1.0,164.41269841269843,56.15873015873016,4.920634920634921,35.682539682539684
2014-05-11,1.0,190.28571428571428,56.920634920634924,0.873015873015873,28.95238095238095
2014-05-18,0.0,175.23809523809524,48.93650793650794,0.9523809523809523,34.39682539682539
2014-05-25,0.0,152.1904761904762,62.460317460317455,32.26984126984127,42.73015873015873
2014-06-01,0.0,167.0793650793651,60.111111111111114,15.396825396825395,37.111111111111114
2014-06-08,0.0,199.06349206349208,54.55555555555556,0.746031746031746,37.650793650793645
2014-06-15,0.0,226.11111111111111,51.460317460317455,2.0793650793650795,31.80952380952381
2014-06-22,0.0,214.57142857142856,53.0952380952381,5.65079365079365,31.539682539682538
2014-06-29,0.0,209.06349206349205,58.58730158730158,18.444444444444443,32.76190476190476
2014-07-06,0.0,209.88888888888889,60.6984126984127,30.603174603174605,32.301587301587304
2014-07-13,0.0,210.984126984127,52.80952380952381,4.4603174603174605,38.285714285714285
2014-07-20,0.0,244.25396825396825,53.87301587301587,4.015873015873016,35.04761904761905
2014-07-27,0.0,243.96825396825398,53.25396825396825,1.952380952380952,26.984126984126984
2014-08-03,0.0,234.31746031746036,56.2063492063492,4.9523809523809526,32.476190476190474
2014-08-10,0.0,244.55555555555554,57.98412698412699,1.2063492063492065,29.301587301587304
2014-08-17,0.0,228.65079365079362,53.25396825396825,7.650793650793651,31.761904761904766
2014-08-24,0.0,227.2698412698413,56.55555555555556,14.476190476190478,28.0
2014-08-31,0.0,246.2063492063492,59.74603174603174,3.9206349206349214,24.984126984126984
2014-09-07,0.0,246.3968253968254,59.61904761904762,9.777777777777779,27.746031746031747
2014-09-14,0.0,231.69841269841268,62.666666666666664,9.158730158730158,24.698412698412696
2014-09-21,0.0,214.69841269841268,66.07936507936509,19.42857142857143,30.9047619047619
2014-09-28,1.0,184.1746031746032,71.25396825396825,33.38095238095238,23.57142857142857
2014-10-05,2.0,195.71428571428572,71.26984126984127,10.777777777777779,18.80952380952381
2014-10-12,1.0,186.33333333333334,73.95238095238095,66.0,30.396825396825395
2014-10-19,4.0,180.44444444444446,70.01587301587301,13.317460317460316,32.349206349206355
2014-10-26,3.0,191.39682539682542,55.55555555555556,0.3492063492063492,24.142857142857142
2014-11-02,3.0,176.03174603174602,68.69841269841271,3.365079365079365,19.984126984126984
2014-11-09,3.0,118.84126984126985,70.87301587301587,50.57142857142858,38.87301587301587
2014-11-16,2.0,117.3809523809524,74.95238095238095,40.666666666666664,38.333333333333336
2014-11-23,16.0,132.11111111111111,74.38095238095238,7.9523809523809526,29.825396825396826
2014-11-30,22.0,125.31746031746032,84.04761904761905,86.31746031746032,29.730158730158728
2014-12-07,17.0,84.9047619047619,71.4920634920635,22.650793650793652,34.74603174603175
2014-12-14,53.0,82.65079365079366,73.79365079365078,39.349206349206355,33.07936507936508
2014-12-21,35.0,96.01587301587301,75.12698412698413,7.444444444444445,32.0
2016-01-03,23.0,105.39682539682539,75.73015873015873,25.269841269841272,36.96825396825397
2016-01-10,67.0,113.93650793650795,73.04761904761905,45.349206349206355,51.42857142857143
2016-01-17,144.0,80.88888888888889,67.25396825396825,15.50793650793651,35.82539682539683
2016-01-24,225.0,98.4126984126984,76.28571428571428,6.888888888888889,23.952380952380953
2016-01-31,280.0,103.76507936507937,78.83492063492064,13.650793650793652,24.71428571428571
2016-02-07,296.0,97.06349206349206,67.1904761904762,12.476190476190476,33.31746031746032
2016-02-14,272.0,122.76190476190476,74.36507936507937,75.82539682539682,55.25396825396825
2016-02-21,287.0,69.38095238095238,61.60317460317461,9.349206349206348,34.98412698412699
2016-02-28,220.0,94.33333333333333,67.98412698412699,47.04761904761905,44.03174603174603
2016-03-06,234.0,96.30158730158729,60.238095238095234,22.47619047619047,49.92063492063492
2016-03-13,249.0,80.34920634920634,61.77777777777778,14.46031746031746,43.76190476190476
2016-03-20,105.0,93.11111111111111,71.58730158730158,26.095238095238095,25.634920634920636
2016-03-27,75.0,116.12698412698413,62.96825396825396,11.396825396825397,36.63492063492063
2016-04-03,63.0,118.96825396825398,61.3015873015873,15.126984126984127,44.111111111111114
2016-04-10,56.0,114.49206349206348,65.11111111111111,31.9047619047619,42.25396825396825
2016-04-17,33.0,136.57142857142856,66.79365079365078,29.269841269841272,41.06349206349206
2016-04-24,17.0,137.42857142857144,69.15873015873017,27.42857142857143,31.698412698412696
2016-05-01,11.0,133.25396825396825,59.65079365079365,6.904761904761905,33.666666666666664
2016-05-08,8.0,153.23809523809524,62.31746031746032,45.52380952380952,37.80952380952381
2016-05-15,4.0,142.04761904761904,71.8095238095238,44.96825396825397,38.507936507936506
2016-05-22,0.0,177.85714285714286,59.3015873015873,9.269841269841272,34.92063492063492
2016-05-29,0.0,179.11111111111111,60.460317460317455,8.190476190476192,34.55555555555556
2016-06-05,0.0,189.12698412698413,55.44444444444444,3.8253968253968256,32.285714285714285
2016-06-12,0.0,223.39682539682542,56.333333333333336,0.6031746031746031,31.23809523809524
2016-06-19,0.0,193.42857142857144,54.82539682539683,12.07936507936508,45.111111111111114
2016-10-02,0.0,200.15873015873018,61.04761904761905,5.126984126984127,26.61904761904762
2016-10-09,4.0,193.1904761904762,58.57142857142857,0.25396825396825395,22.095238095238095
2016-10-16,5.0,157.015873015873,66.96825396825396,41.888888888888886,28.0
2016-10-23,4.0,163.03174603174602,77.47883597883599,42.87301587301587,22.253968253968253
2016-10-30,5.0,174.63492063492063,74.52380952380952,4.936507936507937,19.603174603174605
2016-11-06,15.0,143.41269841269843,72.33333333333333,40.77777777777778,24.158730158730158
2016-11-13,24.0,106.68253968253968,67.98412698412699,20.57142857142857,32.698412698412696
2016-11-20,41.0,110.8095238095238,70.01587301587301,18.04761904761905,26.174603174603178
2016-11-27,47.0,88.65079365079366,84.17460317460318,122.82539682539681,28.111111111111107
2016-12-04,31.0,99.63492063492063,84.01587301587301,40.61904761904762,30.698412698412696
2016-12-11,107.0,108.74603174603175,81.31746031746032,2.7301587301587302,24.857142857142858
2016-12-18,167.0,84.84126984126985,83.71428571428572,46.73015873015873,26.936507936507937
2016-12-25,163.0,85.3015873015873,77.46031746031746,4.571428571428572,22.873015873015873
2017-01-01,175.0,72.47619047619048,72.46031746031746,0.0,19.158730158730158
2017-01-08,314.0,70.23809523809524,69.61904761904762,1.3968253968253967,22.412698412698415
2017-01-15,323.0,78.95238095238095,68.30158730158729,19.031746031746035,40.41269841269841
2017-01-22,294.0,47.111111111111114,65.53968253968254,36.76190476190476,37.650793650793645
2017-01-29,171.0,70.39682539682539,67.84126984126983,28.11111111111111,33.14285714285714
2017-02-05,117.0,105.44444444444444,75.57142857142857,23.46031746031746,44.39682539682539
2017-02-12,64.0,88.06349206349206,69.95238095238095,59.46031746031747,41.9047619047619
2017-02-19,27.0,101.3968253968254,73.63492063492063,12.031746031746032,26.73015873015873
2017-02-26,16.0,108.23809523809524,65.4920634920635,7.476190476190477,25.22222222222222
2017-03-05,8.0,104.77777777777777,70.55555555555556,22.904761904761905,37.68253968253968
2017-03-12,4.0,147.8095238095238,60.63492063492064,16.984126984126984,36.539682539682545
2017-03-19,3.0,125.73015873015873,57.74603174603174,8.253968253968255,35.61904761904762
2017-03-26,1.0,95.44444444444444,67.38095238095238,28.476190476190474,33.650793650793645
2017-04-02,1.0,130.7301587301587,61.93650793650794,9.80952380952381,34.333333333333336
2017-04-09,0.0,139.23809523809524,52.34920634920635,1.1746031746031746,32.04761904761905
2017-04-16,2.0,168.76190476190476,52.31746031746032,0.0,28.07936507936508
2017-04-23,2.0,154.58730158730157,48.317460317460316,1.7301587301587302,35.44444444444444
2017-04-30,0.0,129.2698412698413,62.20634920634921,30.142857142857142,37.25396825396825
2017-05-07,1.0,158.79365079365078,55.23809523809524,7.317460317460318,30.523809523809526
2017-05-14,0.0,174.15873015873018,59.285714285714285,24.57142857142857,35.650793650793645
2017-05-21,0.0,183.93650793650792,52.80952380952381,15.92063492063492,29.77777777777778
2017-05-28,0.0,222.1904761904762,51.34920634920635,2.4444444444444446,30.507936507936506
2017-06-04,1.0,205.0793650793651,62.31746031746032,24.365079365079364,30.11111111111111
2017-06-11,0.0,222.25396825396825,51.15873015873016,3.5555555555555554,28.603174603174605
2017-06-18,0.0,263.3174603174603,47.84126984126984,3.2539682539682544,27.3015873015873
2017-06-25,0.0,258.60317460317464,50.57142857142858,18.04761904761905,29.730158730158728
2017-07-02,0.0,204.6031746031746,51.26984126984127,11.873015873015873,44.15873015873016
2017-07-09,0.0,230.14285714285714,58.8095238095238,31.444444444444443,31.333333333333332
2017-07-16,0.0,254.3174603174603,52.85714285714286,0.46031746031746035,28.666666666666668
2017-07-23,0.0,243.74603174603175,51.285714285714285,5.206349206349206,33.2063492063492
2017-07-30,0.0,246.69841269841268,52.23809523809524,1.8412698412698414,31.06613756613757
2017-08-06,0.0,255.85714285714286,51.15873015873016,2.8730158730158735,29.634920634920636
2017-08-13,0.0,221.55555555555554,47.111111111111114,7.015873015873016,34.095238095238095
2017-08-20,0.0,253.14285714285714,52.68253968253968,0.5079365079365079,27.095238095238095
2017-08-27,0.0,252.17460317460316,54.9047619047619,14.063492063492063,28.285714285714285
2017-09-03,0.0,213.88888888888889,61.55555555555556,41.317460317460316,27.11111111111111
2017-09-10,0.0,215.93650793650792,54.17460317460317,11.587301587301587,32.301587301587304
2017-09-17,0.0,193.79365079365078,53.85714285714286,8.142857142857144,30.03174603174603
2017-09-24,0.0,195.9047619047619,57.42857142857143,2.015873015873016,25.063492063492063
2017-10-01,0.0,203.41269841269843,61.47619047619048,5.444444444444445,22.61904761904762
2017-10-08,1.0,204.84126984126985,59.03174603174604,2.142857142857143,23.730158730158728
2017-10-15,1.0,198.96825396825398,55.87301587301587,0.015873015873015872,23.11111111111111
2017-10-22,1.0,166.52380952380952,71.17460317460318,35.87301587301587,29.857142857142858
2017-10-29,1.0,171.26984126984127,56.84126984126984,1.3015873015873014,24.77777777777778
2017-11-05,10.0,148.47619047619048,71.4920634920635,28.07936507936508,30.380952380952383
2017-11-12,5.0,109.46031746031746,63.15873015873016,10.444444444444445,35.952380952380956
2017-11-19,22.0,104.07936507936509,58.3015873015873,0.1111111111111111,22.555555555555557
2017-11-26,39.0,116.9047619047619,59.20634920634921,5.317460317460317,26.746031746031747
2017-12-03,30.0,63.460317460317455,65.43386243386243,34.0,31.682539682539684
2017-12-10,132.0,80.20634920634922,68.9047619047619,28.619047619047617,27.57142857142857
2017-12-17,226.0,79.33333333333333,71.04761904761905,17.095238095238095,36.2063492063492
2017-12-24,189.0,78.22222222222223,70.68253968253968,2.015873015873016,25.174603174603174
2017-12-31,222.0,99.5079365079365,73.66666666666667,25.92063492063492,43.19047619047619
2018-01-07,446.0,101.57142857142857,74.31746031746032,61.41269841269842,42.698412698412696
2018-01-14,469.0,61.8095238095238,75.42857142857143,25.49206349206349,33.492063492063494
2018-01-21,385.0,97.9047619047619,69.07936507936508,7.0476190476190474,34.682539682539684
2018-01-28,334.0,89.60317460317461,72.39682539682539,22.03174603174603,36.14285714285714
2018-02-04,238.0,70.28571428571428,69.74603174603175,35.22222222222222,32.17460317460317
2018-02-11,238.0,48.65079365079365,68.96825396825396,27.841269841269842,38.42857142857142
2018-02-18,176.0,93.84126984126983,70.12169312169311,11.142857142857142,36.0
2018-02-25,106.0,74.14285714285714,59.0,8.539682539682538,35.79365079365079
2018-03-04,94.0,84.53968253968254,74.52380952380953,110.1904761904762,39.523809523809526
2018-03-11,66.0,106.11111111111111,72.39682539682539,55.55555555555556,44.38095238095238
2018-03-18,41.0,101.65079365079366,70.28571428571428,36.0,42.39682539682539
2018-03-25,5.0,80.41269841269842,60.42857142857143,24.174603174603178,52.285714285714285
2018-04-01,11.0,117.22222222222223,57.666666666666664,10.142857142857142,41.698412698412696
2018-04-08,7.0,129.1746031746032,65.38095238095238,30.396825396825395,41.492063492063494
2018-04-15,5.0,104.17460317460318,73.20634920634922,75.87301587301587,36.333333333333336
2018-04-22,2.0,157.6190476190476,60.587301587301596,5.9523809523809526,33.17460317460317
2018-04-29,3.0,161.14285714285714,62.857142857142854,10.968253968253968,32.0
2018-05-06,1.0,133.34920634920636,57.333333333333336,7.904761904761904,35.79365079365079
2018-05-13,1.0,163.20634920634922,60.492063492063494,12.190476190476192,38.0
2018-05-20,0.0,164.984126984127,58.0952380952381,4.968253968253968,32.60317460317461
2018-05-27,0.0,182.46031746031747,68.09523809523809,45.85714285714286,25.349206349206348
2018-06-03,0.0,176.57142857142856,71.20634920634922,38.285714285714285,27.095238095238095
2018-06-10,0.0,177.23809523809524,67.3015873015873,21.92063492063492,33.0952380952381
2018-06-17,0.0,202.46031746031747,55.285714285714285,8.857142857142856,38.84126984126984
2018-06-24,0.0,239.85714285714286,50.55555555555556,1.4444444444444444,30.063492063492063
2018-07-01,1.0,236.46031746031744,58.12698412698413,11.07936507936508,30.492063492063494
2018-07-08,0.0,234.69841269841268,53.507936507936506,3.428571428571429,32.285714285714285
2018-07-15,0.0,245.83862433862436,54.77777777777778,18.158730158730158,30.9047619047619
2018-07-22,0.0,236.68253968253964,53.63492063492063,6.936507936507937,32.98412698412698
2018-07-29,0.0,249.0,52.507936507936506,2.6825396825396823,29.84126984126984
2018-08-05,0.0,275.2380952380952,46.682539682539684,0.3492063492063492,26.682539682539684
2018-08-12,0.0,253.3174603174603,52.79365079365079,15.666666666666666,32.42857142857143
2018-08-19,0.0,239.98412698412702,54.682539682539684,12.65079365079365,30.460317460317462
2018-08-26,0.0,246.30158730158732,50.26984126984127,0.9841269841269842,27.206349206349202
2018-09-02,0.0,247.71428571428572,55.714285714285715,3.507936507936508,26.476190476190474
2018-09-09,0.0,223.22222222222223,63.8095238095238,27.206349206349206,24.984126984126984
2018-09-16,0.0,228.84126984126982,62.55555555555556,11.317460317460318,21.492063492063494
2018-09-23,0.0,235.15873015873018,60.74603174603174,14.0,22.15873015873016
2018-09-30,0.0,216.04761904761904,56.650793650793645,2.6666666666666665,27.063492063492063
2018-10-07,0.0,186.0,50.3968253968254,7.460317460317461,32.44444444444444
2018-10-14,0.0,176.9206349206349,71.42857142857143,37.904761904761905,34.06349206349206
2018-10-21,0.0,160.6031746031746,78.31746031746032,73.76190476190476,27.07936507936508
2018-10-28,0.0,143.0952380952381,67.65079365079366,19.650793650793652,28.57142857142857
2018-11-04,1.0,101.66666666666667,72.07936507936509,56.7936507936508,35.698412698412696
2018-11-11,4.0,117.12698412698413,75.38095238095238,29.0,41.01587301587301
2018-11-18,6.0,133.42857142857144,83.84126984126983,67.31746031746032,27.365079365079364
2018-11-25,6.0,100.47619047619048,80.07936507936508,37.77777777777778,31.07936507936508
2018-12-02,14.0,98.95238095238095,68.95238095238095,15.666666666666666,28.820105820105823
2018-12-09,19.0,115.84126984126982,74.85714285714286,0.8888888888888888,25.126984126984127
2018-12-16,36.0,96.38095238095238,73.71428571428572,25.873015873015873,35.63492063492063
2018-12-23,27.0,93.12698412698413,73.42857142857143,3.015873015873016,28.698412698412696
2018-12-30,49.0,85.84126984126983,72.87301587301587,0.9523809523809523,19.49206349206349
2019-01-06,164.0,69.52380952380953,62.30158730158731,0.31746031746031744,21.015873015873016
2019-01-13,338.0,63.52380952380953,61.55555555555556,3.428571428571429,34.63492063492063
2019-01-20,398.0,71.96825396825396,72.57407407407408,18.19047619047619,29.396825396825395
2019-01-27,393.0,86.14285714285714,66.95238095238095,29.57142857142857,48.730158730158735
2019-02-03,357.0,81.84126984126983,68.15873015873017,39.96825396825397,56.507936507936506
2019-02-10,307.0,94.12698412698413,66.07936507936508,2.2222222222222223,28.936507936507937
2019-02-17,177.0,98.53968253968254,59.0,1.126984126984127,31.396825396825395
2019-02-24,93.0,108.2063492063492,62.52380952380952,1.0952380952380951,22.88888888888889
2019-03-03,71.0,127.92063492063491,52.44444444444444,0.20634920634920637,27.476190476190474
2019-03-10,42.0,119.98412698412699,63.63492063492064,16.77777777777778,35.523809523809526
2019-03-17,25.0,125.17460317460316,54.17195767195767,3.0952380952380953,37.666666666666664
2019-03-24,16.0,113.6031746031746,51.73015873015873,3.7142857142857144,31.412698412698415
2019-03-31,9.0,124.14285714285714,50.17460317460317,9.523809523809526,34.55555555555556
2019-04-07,5.0,104.34920634920634,67.23809523809524,30.12698412698413,33.0
2019-04-14,0.0,128.95238095238096,57.587301587301596,9.015873015873016,36.79365079365079
2019-04-21,0.0,139.14285714285714,66.92063492063491,29.476190476190474,38.98412698412698
2019-04-28,1.0,132.2698412698413,61.3015873015873,22.174603174603178,39.36507936507937
2019-05-05,0.0,157.26984126984127,53.82539682539683,2.9523809523809526,34.82539682539683
2019-05-12,0.0,176.0,53.95238095238095,4.349206349206349,38.19047619047619
2019-05-19,0.0,166.61904761904762,50.20634920634921,28.539682539682538,41.92063492063492
2019-05-26,0.0,173.79365079365078,54.60317460317461,12.317460317460318,36.19047619047619
2019-06-02,0.0,201.5079365079365,44.96825396825397,1.380952380952381,35.15873015873016
2019-06-09,0.0,187.34920634920636,49.761904761904766,9.53968253968254,42.04761904761905
2019-06-16,0.0,181.57142857142856,48.03174603174603,2.412698412698413,35.74603174603175
2019-06-23,0.0,217.2698412698413,52.38095238095238,3.888888888888889,34.42857142857142
2019-06-30,0.0,256.39682539682536,48.19047619047619,0.984126984126984,32.07936507936508
2019-07-07,0.0,249.3174603174603,49.84126984126984,2.3809523809523814,31.460317460317462
2019-07-14,0.0,246.31746031746036,49.93650793650794,10.682539682539682,30.95238095238095
2019-07-21,0.0,255.3968253968254,49.14285714285714,2.4761904761904763,31.19047619047619
2019-07-28,0.0,254.14285714285714,47.95238095238095,16.33333333333333,35.650793650793645
2019-08-04,0.0,241.46031746031747,49.714285714285715,4.825396825396826,30.396825396825395
2019-08-11,0.0,253.03174603174602,52.301587301587304,12.365079365079364,33.74603174603175
2019-08-18,0.0,240.5079365079365,48.492063492063494,3.0634920634920637,30.80952380952381
2019-08-25,0.0,238.7936507936508,53.492063492063494,17.873015873015873,27.88888888888889
2019-09-01,0.0,238.46031746031747,58.460317460317455,17.46031746031746,24.22222222222222
2019-09-08,0.0,220.12698412698413,50.06349206349206,7.079365079365079,32.93650793650794
2019-09-15,0.0,199.52380952380952,60.38095238095238,41.60317460317461,37.73015873015873
2019-09-22,0.0,215.57142857142856,65.93650793650794,17.253968253968253,25.555555555555557
2019-09-29,0.0,205.38095238095238,58.01587301587301,0.7619047619047619,25.0
2019-10-06,1.0,198.65079365079364,56.58730158730159,5.825396825396826,29.936507936507937
2019-10-13,0.0,202.82539682539684,59.95238095238095,4.412698412698413,29.603174603174605
2019-10-20,0.0,158.03174603174602,67.19047619047619,28.90476190476191,33.301587301587304
2019-10-27,2.0,139.34920634920636,69.5079365079365,39.2063492063492,26.126984126984127
2019-11-03,5.0,174.41269841269843,71.52380952380952,21.80952380952381,33.23809523809524
2019-11-10,4.0,114.26984126984127,65.73015873015873,49.61904761904762,49.14285714285714
2019-11-17,13.0,91.53968253968254,70.42857142857143,52.41269841269841,41.14285714285714
2019-11-24,22.0,89.93650793650794,74.23809523809524,35.07936507936508,42.15873015873016
2019-12-01,22.0,127.96825396825398,75.39682539682539,24.11111111111111,35.77777777777778
2019-12-08,27.0,88.04761904761905,79.82539682539682,30.492063492063494,27.555555555555557
2019-12-15,58.0,108.93650793650794,68.71428571428572,24.523809523809522,49.06349206349206
2019-12-22,29.0,118.42857142857143,75.63492063492063,63.95238095238095,50.73015873015873
2019-12-29,48.0,106.85714285714286,68.9973544973545,0.047619047619047616,20.650793650793652
2020-01-05,195.0,76.92063492063491,72.76190476190476,0.746031746031746,20.285714285714285
2020-01-12,329.0,71.76190476190476,71.85714285714285,1.7777777777777777,23.333333333333332
2020-01-19,397.0,80.34920634920634,72.11111111111111,19.96825396825397,38.666666666666664
2020-01-26,395.0,70.57142857142857,81.01587301587301,105.14285714285714,36.01587301587302
2020-02-02,356.0,128.63492063492063,73.57142857142857,9.587301587301589,33.77777777777778
2020-02-09,258.0,111.53968253968254,70.73015873015873,2.253968253968254,26.476190476190474
2020-02-16,166.0,123.6984126984127,73.9047619047619,1.6825396825396826,26.22222222222222
2020-02-23,113.0,109.96825396825398,64.66666666666667,3.238095238095238,24.015873015873016
2020-03-01,76.0,122.55555555555556,60.06349206349206,16.714285714285715,40.238095238095234
2020-03-08,56.0,115.76190476190476,63.587301587301596,22.682539682539684,55.0
2020-03-15,5.0,137.984126984127,62.333333333333336,17.460317460317462,30.80952380952381
2020-03-22,0.0,112.87301587301587,75.96825396825398,46.333333333333336,33.476190476190474
2020-03-29,0.0,103.76190476190476,66.47619047619047,12.809523809523808,30.412698412698415
2020-04-05,0.0,100.22222222222223,71.95238095238095,50.07936507936508,36.111111111111114
2020-04-12,0.0,145.15873015873018,74.30158730158729,24.634920634920636,26.07936507936508
2020-04-19,0.0,144.1904761904762,75.71428571428572,44.55555555555556,34.44444444444444
2020-04-26,0.0,146.95238095238093,72.82539682539682,27.349206349206348,27.857142857142858
2020-05-03,0.0,169.74603174603175,60.492063492063494,5.333333333333332,35.82539682539683
2020-05-10,0.0,186.58730158730157,60.111111111111114,22.444444444444443,33.55555555555556
2020-05-17,0.0,146.96825396825398,71.31746031746032,54.23809523809524,31.380952380952383
2020-05-24,0.0,207.15873015873018,52.301587301587304,3.682539682539683,28.015873015873016
2020-05-31,0.0,213.9206349206349,54.238095238095234,16.095238095238095,28.317460317460316
2020-06-07,0.0,198.9047619047619,59.82539682539683,31.333333333333332,35.07936507936508
2020-06-14,0.0,176.38095238095238,54.22222222222222,17.07936507936508,40.349206349206355
2020-06-21,0.0,202.9047619047619,55.96825396825396,4.333333333333333,29.98412698412698
2020-06-28,0.0,238.58730158730157,52.904761904761905,2.984126984126984,31.0
2020-07-05,0.0,240.8095238095238,49.888888888888886,5.365079365079364,32.904761904761905
2020-07-12,0.0,251.4920634920635,51.39682539682539,6.492063492063492,30.57142857142857
2020-07-19,0.0,246.2698412698413,46.80952380952381,2.0634920634920637,33.666666666666664
2020-09-27,0.0,185.58730158730157,61.38095238095238,25.412698412698415,39.349206349206355
2020-10-04,0.0,162.73015873015873,57.73015873015873,28.57142857142857,36.39682539682539
2020-10-11,0.0,172.84126984126982,62.0952380952381,6.253968253968254,29.88888888888889
2020-10-18,0.0,131.93650793650792,58.47619047619048,8.952380952380953,30.698412698412696
2020-10-25,0.0,154.84126984126982,71.04761904761905,67.94973544973544,40.111111111111114
2020-11-01,0.0,143.9047619047619,66.39682539682539,4.883597883597883,26.873015873015873
2020-11-08,0.0,136.63492063492063,80.3015873015873,91.98412698412699,37.523809523809526
2020-11-15,0.0,134.76190476190476,79.0952380952381,10.177248677248677,25.253968253968253
2020-11-22,0.0,129.47619047619048,68.26984126984127,1.6666666666666667,23.349206349206348
2020-11-29,0.0,105.31746031746032,78.88888888888889,45.5978835978836,25.158730158730158
2020-12-06,0.0,79.98412698412699,69.17460317460318,26.056084656084654,37.58730158730159
2020-12-13,0.0,102.42857142857143,76.23809523809524,58.89682539682539,47.492063492063494
2020-12-20,0.0,96.87301587301587,81.44444444444444,16.677248677248677,30.682539682539684
2020-12-27,0.0,80.88888888888889,74.42857142857143,16.158730158730158,34.12698412698413
2021-01-03,0.0,53.03174603174603,67.60317460317461,30.85291005291005,47.85714285714286
2021-01-10,0.0,24.206349206349206,79.04761904761905,58.164021164021165,30.88888888888889
2021-01-17,0.0,50.55555555555556,65.66666666666667,2.111111111111111,34.31746031746032
2021-01-24,0.0,87.34920634920634,74.87301587301587,27.566137566137566,47.17460317460318
2021-01-31,0.0,127.49206349206351,77.30158730158729,36.57142857142858,41.42857142857142
2021-02-07,0.0,116.46031746031746,75.5079365079365,39.16931216931217,37.95238095238095
2021-02-14,1.0,109.03174603174602,72.53968253968254,33.17724867724868,40.82539682539683
2021-02-21,0.0,110.95238095238095,71.3015873015873,18.634920634920636,42.61904761904762
2021-02-28,1.0,106.76190476190476,73.07936507936509,4.968253968253968,32.58730158730159
2021-03-07,0.0,109.4920634920635,75.93650793650794,6.348677248677249,26.77777777777778
2021-03-14,0.0,104.47619047619047,65.28571428571428,4.590476190476191,33.46031746031746
2021-03-21,0.0,96.6984126984127,57.857142857142854,14.158730158730158,46.301587301587304
2021-03-28,0.0,120.82539682539681,58.111111111111114,0.0,29.365079365079364
2021-04-04,0.0,152.76190476190476,54.77777777777778,8.507936507936508,37.44444444444444
2021-04-11,0.0,129.06349206349205,65.11111111111111,27.883597883597886,35.07936507936508
2021-04-18,0.0,117.41269841269842,61.87301587301587,14.809523809523808,30.01587301587302
2021-04-25,0.0,142.41269841269843,68.38095238095238,24.814814814814817,33.04761904761905
2021-05-02,0.0,134.04761904761907,72.47619047619048,31.42857142857143,28.682539682539684
2021-05-09,0.0,164.71428571428572,59.31746031746032,14.095238095238095,33.46031746031746
2021-05-16,0.0,161.06349206349208,57.80952380952382,14.177248677248677,46.60317460317461
2021-05-23,0.0,170.25396825396825,56.04761904761905,10.253968253968255,32.36507936507937
2021-05-30,0.0,186.015873015873,57.98412698412699,6.042328042328042,27.71428571428571
2021-06-06,0.0,195.11111111111111,61.761904761904766,20.95238095238095,33.84126984126984
2021-06-13,0.0,226.5079365079365,51.93650793650794,10.82010582010582,30.92063492063492
2021-06-20,0.0,216.96825396825398,61.0952380952381,52.55343915343915,33.58730158730159
2021-06-27,0.0,204.0793650793651,55.80952380952381,16.650793650793652,35.53968253968254
2021-07-04,0.0,226.2698412698413,52.06349206349206,1.2063492063492065,32.77777777777778
2021-07-11,0.0,230.55555555555554,53.77777777777778,8.846560846560847,32.98412698412698
2021-07-18,0.0,227.22222222222223,48.85714285714286,6.285714285714286,37.57142857142858
2021-07-25,0.0,248.36507936507937,49.98412698412699,6.978835978835979,32.63492063492063
2021-08-01,0.0,228.65079365079362,55.714285714285715,4.507936507936508,36.14285714285714
2021-08-08,0.0,233.53968253968256,51.34920634920635,6.079365079365079,31.84126984126984
2021-08-15,0.0,265.44444444444446,51.888888888888886,3.4814814814814814,28.92063492063492
2021-08-22,0.0,241.8095238095238,51.460317460317455,0.9841269841269842,31.253968253968253
2021-08-29,0.0,243.2063492063492,56.0952380952381,22.523809523809526,28.22222222222222
2021-09-05,0.0,223.2857142857143,65.60317460317461,52.67513227513228,23.46031746031746
2021-09-12,0.0,233.77777777777777,60.47619047619047,1.8211640211640214,30.730158730158728
2021-09-19,0.0,205.44444444444446,69.31746031746032,57.697883597883596,28.015873015873016
2021-09-26,0.0,186.55555555555554,69.19047619047619,46.93121693121694,30.587301587301585
2021-10-03,1.0,188.42857142857144,67.0952380952381,19.38095238095238,28.095238095238095
2021-10-10,1.0,169.66666666666666,62.55555555555556,3.4444444444444446,25.126984126984127
2021-10-17,3.0,169.42857142857144,63.968253968253975,1.365079365079365,21.28571428571429
2021-10-24,2.0,167.63492063492063,66.22222222222223,3.698412698412698,26.38095238095238
2021-10-31,3.0,155.33333333333334,72.04761904761905,63.0952380952381,28.444444444444443
2021-11-07,3.0,108.06349206349208,65.95238095238095,17.95238095238095,38.682539682539684
2021-11-14,6.0,115.0952380952381,66.26984126984127,2.1455026455026456,27.03174603174603
2021-11-21,5.0,106.03174603174604,71.07936507936509,8.412698412698413,32.164021164021165
2021-11-28,9.0,71.4920634920635,75.6984126984127,98.77777777777777,40.34920634920635
2021-12-05,12.0,85.25396825396825,71.0952380952381,21.05026455026455,45.14285714285714
2021-12-12,16.0,102.55555555555556,73.38095238095238,33.20634920634921,48.523809523809526
2021-12-19,9.0,82.60317460317461,73.25396825396825,0.06349206349206349,27.133333333333333
2021-12-26,12.0,104.17460317460318,84.9047619047619,33.10317460317461,29.730158730158728
2022-01-02,8.0,126.1904761904762,69.34920634920634,0.2222222222222222,30.88888888888889
2022-01-09,8.0,82.15873015873017,70.95238095238095,29.301587301587304,37.888888888888886
2022-01-16,9.0,77.96825396825398,68.60317460317461,1.8730158730158726,30.269841269841272
2022-01-23,7.0,62.30158730158731,65.52380952380953,0.9841269841269842,24.380952380952383
2022-01-30,11.0,78.03174603174602,60.12698412698413,2.0634920634920633,28.333333333333332
2022-02-06,11.0,98.60317460317461,59.77777777777778,2.185185185185185,32.25396825396825
2022-02-13,14.0,100.04761904761905,65.96825396825396,5.354497354497354,26.92063492063492
2022-02-20,14.0,102.87301587301587,62.888888888888886,5.579365079365079,35.57142857142858
2022-02-27,35.0,107.0,60.93650793650794,5.44973544973545,29.682539682539684
2022-03-06,65.0,97.82539682539682,68.15873015873017,31.126984126984123,30.507936507936506
2022-03-13,81.0,96.69841269841271,73.52380952380953,36.86772486772487,33.82539682539683
2022-03-20,102.0,113.11111111111111,75.85714285714285,49.57671957671957,46.539682539682545
2022-03-27,79.0,110.9047619047619,77.33333333333333,71.80687830687832,43.20634920634921
2022-04-03,48.0,97.07936507936508,63.03174603174604,26.761904761904763,43.111111111111114
2022-04-10,23.0,118.63492063492065,58.03174603174604,5.698412698412699,39.04761904761905
2022-04-17,43.0,151.66666666666666,65.71428571428572,18.96825396825397,34.714285714285715
2022-04-24,34.0,119.28571428571428,68.0,70.54761904761905,42.93650793650794
2022-05-01,31.0,152.25396825396825,64.9126984126984,14.730158730158731,27.95238095238095
2022-05-08,84.0,157.69841269841268,60.6984126984127,48.93650793650794,33.698412698412696
2022-05-15,69.0,197.77777777777777,54.460317460317455,6.198412698412699,28.126984126984127
2022-05-22,62.0,222.04761904761907,52.92063492063492,2.4047619047619047,30.507936507936506
2022-05-29,58.0,195.76190476190476,50.34920634920635,5.465608465608465,38.55555555555556
2022-06-05,61.0,210.26984126984127,55.0952380952381,1.634920634920635,32.42857142857142
2022-06-12,44.0,237.5079365079365,50.682539682539684,1.216931216931217,31.301587301587304
2022-06-19,47.0,268.7619047619048,44.698412698412696,2.3915343915343916,30.746031746031747
2022-06-26,37.0,211.5079365079365,54.03174603174603,15.587301587301587,35.15873015873016
2022-07-03,24.0,220.88888888888889,52.12698412698413,5.978835978835979,32.682539682539684
2022-07-10,20.0,247.77777777777777,48.58730158730159,6.793650793650794,31.865079365079364
2022-07-17,13.0,285.60317460317464,38.01587301587302,1.873015873015873,25.301587301587304
2022-07-24,7.0,268.4285714285714,46.285714285714285,2.0952380952380953,32.55555555555556
2022-07-31,10.0,261.77777777777777,50.507936507936506,1.619047619047619,30.23809523809524
2022-08-07,13.0,272.09523809523813,48.25396825396825,1.380952380952381,28.015873015873016
2022-08-14,23.0,271.8571428571429,46.682539682539684,2.002645502645503,30.349206349206344
2022-08-21,52.0,235.65079365079367,48.301587301587304,14.492063492063494,33.04761904761905
2022-08-28,55.0,254.03174603174602,56.111111111111114,8.0,28.98412698412698
2022-09-04,54.0,241.7619047619048,54.73280423280423,12.380952380952381,29.9968253968254
2022-09-11,78.0,235.8730158730159,54.14285714285714,2.91005291005291,27.431746031746034
2022-09-18,73.0,221.30158730158732,65.43809523809523,32.460317460317455,31.428571428571427
2022-09-25,62.0,202.63492063492063,60.74603174603174,11.222222222222221,25.38095238095238
2022-10-02,69.0,173.33333333333334,55.44444444444444,17.269841269841272,33.14285714285714
2022-10-09,72.0,198.9206349206349,62.55555555555556,3.4444444444444446,20.555555555555557
2022-10-16,96.0,188.7301587301587,68.88888888888889,12.079365079365079,22.42857142857143
2022-10-23,94.0,190.68253968253967,74.55238095238094,39.871957671957674,41.31746031746032
2022-10-30,58.0,189.79365079365078,66.13650793650794,4.865079365079365,28.317460317460316
2022-11-06,141.0,150.57142857142856,71.93650793650794,14.404761904761905,28.714285714285715
2022-11-13,173.0,143.2857142857143,74.66666666666667,28.74867724867725,29.539682539682538
2022-11-20,188.0,131.55555555555554,76.03174603174604,36.96825396825397,41.32539682539683
2022-11-27,243.0,117.73015873015873,75.1005291005291,41.74603174603175,38.15873015873016
2022-12-04,183.0,80.96825396825398,75.21031746031746,17.825396825396826,26.50793650793651
2022-12-11,334.0,99.36507936507935,87.25396825396825,71.68624338624338,27.174603174603178
2022-12-18,326.0,112.69841269841271,83.76190476190476,61.89417989417989,32.79365079365079
2022-12-25,183.0,124.88888888888889,76.0952380952381,11.822751322751323,37.15873015873016
2023-01-01,147.0,116.98412698412699,69.82539682539682,8.365079365079366,31.555555555555557
2023-01-08,195.0,91.01587301587301,77.22222222222223,24.15873015873016,24.73015873015873
2023-01-15,184.0,96.88888888888889,73.1904761904762,12.142857142857142,31.666666666666668
2023-01-22,179.0,73.36507936507935,65.44444444444444,38.145502645502646,53.15873015873016
2023-01-29,291.0,43.301587301587304,65.11111111111111,4.497354497354497,37.301587301587304
2023-02-05,339.0,73.79365079365078,59.36507936507937,0.0,24.873015873015873
2023-02-12,412.0,67.53968253968254,67.74603174603175,23.333333333333332,34.349206349206355
2023-02-19,369.0,96.88888888888889,62.888888888888886,0.3333333333333333,26.698412698412696
2023-02-26,311.0,87.93650793650794,65.92063492063492,15.146031746031746,28.698412698412696
2023-03-05,380.0,54.68253968253968,56.698412698412696,5.6534391534391535,32.650793650793645
2023-03-12,297.0,147.41269841269843,67.22222222222223,22.126984126984127,38.904761904761905
2023-03-19,212.0,136.61904761904762,59.58730158730158,4.904761904761904,35.76190476190476
2023-03-26,106.0,143.06349206349208,57.0952380952381,1.653968253968254,30.174603174603174
2023-04-02,54.0,149.77777777777777,50.73015873015873,4.333333333333333,39.77777777777778
2023-04-09,65.0,138.20634920634922,45.60317460317461,0.0,26.904761904761905
2023-04-16,35.0,151.69841269841268,52.84126984126984,8.380952380952381,39.57142857142857
2023-04-23,29.0,158.57142857142856,52.87301587301587,8.73015873015873,29.87301587301587
2023-04-30,16.0,195.2698412698413,55.42857142857143,1.873015873015873,28.936507936507937
2023-05-07,22.0,189.95238095238096,50.111111111111114,0.984126984126984,30.09523809523809
2023-05-14,10.0,168.57142857142856,52.52910052910053,21.449735449735453,41.07936507936508
2023-05-21,10.0,159.33333333333334,47.79365079365079,13.597883597883598,43.26984126984127
2023-05-28,9.0,176.68253968253967,70.98412698412699,39.26984126984127,30.04761904761905
2023-06-04,5.0,192.79365079365078,67.96825396825396,24.714285714285715,25.57142857142857
2023-06-11,7.0,210.77777777777777,66.42857142857143,27.116402116402114,30.301587301587304
2023-06-18,0.0,225.65079365079364,56.95238095238095,24.166666666666668,31.15873015873016
2023-06-25,4.0,236.69841269841268,57.44444444444444,16.788359788359784,28.333333333333332
2023-07-02,6.0,247.44444444444446,52.87301587301587,5.444444444444445,32.85714285714286
2023-07-09,5.0,244.77777777777777,55.41269841269841,13.489417989417989,28.539682539682538
2023-07-16,3.0,258.36507936507934,51.888888888888886,3.2354497354497354,30.730158730158728
2023-07-23,0.0,261.39682539682536,50.539682539682545,1.708994708994709,30.682539682539684
2023-07-30,2.0,247.17460317460316,51.317460317460316,4.984126984126984,32.539682539682545
2023-08-06,1.0,247.71428571428572,45.58730158730159,6.809523809523809,38.19047619047619
2023-08-13,4.0,267.73015873015873,50.523809523809526,1.952380952380952,28.68253968253968
2023-08-20,4.0,264.7142857142857,52.20634920634921,0.6666666666666666,28.142857142857142
2023-08-27,5.0,269.6666666666667,45.650793650793645,11.812169312169312,33.650793650793645
2023-09-03,12.0,215.47619047619048,59.42857142857143,94.52116402116401,34.60634920634921
2023-09-10,3.0,234.69841269841268,66.9047619047619,13.62169312169312,28.476190476190474
2023-09-17,8.0,216.53968253968253,71.92063492063491,41.44973544973545,28.317460317460316
2023-09-24,5.0,191.20634920634922,61.82539682539683,11.240740740740742,29.238095238095234
2023-10-01,13.0,221.36507936507937,59.47619047619048,0.0,20.063492063492063
2023-10-08,8.0,225.23809523809524,58.79365079365079,0.047619047619047616,22.6031746031746
2023-10-15,12.0,202.25396825396825,59.253968253968246,5.375661375661376,21.746031746031747
2023-10-22,23.0,169.61904761904762,71.80952380952381,76.9867724867725,42.285714285714285
2023-10-29,1.0,158.26984126984127,73.12698412698413,53.61904761904762,41.333333333333336
2023-11-05,27.0,137.9206349206349,70.33333333333333,33.71957671957672,48.41269841269841
2023-11-12,0.0,132.55555555555554,70.53968253968254,18.867724867724867,33.60317460317461
2023-11-19,59.0,153.14285714285714,76.77777777777777,2.2857142857142856,21.80952380952381
2023-11-26,0.0,110.12698412698413,65.36507936507935,13.074074074074074,33.61904761904762
2023-12-03,87.0,110.77777777777777,76.11111111111111,47.883597883597886,35.285714285714285
2023-12-10,210.0,102.8095238095238,76.28571428571428,21.272486772486772,33.80952380952381
2023-12-17,273.0,106.79365079365078,69.23809523809524,12.317460317460318,35.111111111111114
2023-12-24,250.0,86.22222222222223,69.35185185185185,12.234920634920634,31.96825396825397
2023-12-31,340.0,78.68253968253968,72.07936507936508,3.3835978835978837,23.06084656084656
2024-01-07,398.0,92.95238095238095,72.31746031746032,30.40740740740741,37.80952380952381
2024-01-14,293.0,69.52380952380953,74.65079365079366,14.230158730158731,27.365079365079364
2024-01-21,182.0,107.55555555555556,75.60317460317461,54.07936507936508,36.666666666666664
2024-01-28,125.0,118.76190476190476,72.34920634920634,1.1555555555555557,21.634920634920636
2024-02-04,80.0,109.71428571428572,72.17460317460318,0.455026455026455,21.142857142857142
2024-02-11,46.0,106.39682539682539,72.25396825396825,39.301587301587304,37.349206349206355
2024-02-18,29.0,126.77777777777777,73.11111111111111,13.444444444444445,31.19047619047619
2024-02-25,16.0,112.17460317460319,65.5,15.343915343915342,42.12698412698413
2024-03-03,22.0,90.0,63.253968253968246,29.419576719576714,53.39682539682539
2024-03-10,16.0,94.33333333333333,70.4126984126984,39.62169312169313,41.26984126984127
2024-03-17,15.0,132.2857142857143,65.71428571428572,1.9841269841269837,26.88888888888889
2024-03-24,9.0,161.30158730158732,63.52380952380953,5.142857142857142,27.476190476190474
2024-03-31,7.0,107.71428571428572,73.80952380952381,78.58201058201058,45.84126984126984
2024-04-07,7.0,148.58730158730157,62.111111111111114,4.095238095238096,37.285714285714285
2024-04-14,6.0,158.3809523809524,52.68253968253968,5.492063492063492,31.587301587301585
2024-04-21,3.0,156.33333333333334,53.84126984126984,2.142857142857143,35.74603174603175
2024-04-28,10.0,123.1904761904762,57.55555555555556,15.222222222222221,38.12698412698413
2024-05-05,9.0,139.63492063492063,59.25396825396826,20.962962962962962,36.20634920634921
2024-05-12,4.0,177.66666666666666,52.03174603174603,1.9047619047619047,31.365079365079364
2024-05-19,9.0,158.55555555555554,59.61904761904762,23.67989417989418,36.17460317460317
2024-05-26,13.0,174.79365079365078,55.82539682539683,2.507936507936508,32.523809523809526
2024-06-02,3.0,204.71428571428572,51.460317460317455,3.1904761904761907,32.96825396825397
2024-06-09,6.0,218.95238095238096,53.489417989417994,22.51851851851852,32.36507936507937
2024-06-16,5.0,197.23809523809524,54.698412698412696,17.07936507936508,34.96825396825397
2024-06-23,1.0,206.984126984127,57.98412698412699,21.489417989417987,34.22222222222222
2024-06-30,8.0,227.57142857142856,60.56349206349206,25.253968253968253,30.597883597883595
2024-07-07,3.0,231.57142857142856,51.53968253968254,10.603174603174603,33.476190476190474
2024-07-14,8.0,241.17460317460316,53.333333333333336,1.0052910052910056,32.492063492063494
2024-07-21,9.0,253.71428571428572,50.07936507936508,3.222222222222222,32.507936507936506
2024-07-28,6.0,267.39682539682536,48.31746031746032,1.9365079365079367,26.634920634920636
2024-08-04,9.0,272.55555555555554,49.01587301587302,2.396825396825397,30.22222222222222
2024-08-11,8.0,275.74603174603175,48.38095238095238,0.41005291005291006,26.952380952380953
2024-08-18,5.0,251.8730158730159,50.39682539682539,9.380952380952381,32.73015873015873
2024-08-25,10.0,255.68253968253964,52.19047619047619,3.396825396825397,29.20634920634921
2024-09-01,14.0,246.85714285714286,63.082010582010575,22.234920634920634,26.13756613756614
2024-09-08,7.0,212.96825396825398,62.15873015873016,37.96825396825397,28.746031746031747
2024-09-15,6.0,204.2698412698413,50.333333333333336,8.666666666666666,31.76190476190476
2024-09-22,6.0,197.53968253968253,65.36507936507937,30.34391534391534,27.634920634920636
2024-09-29,15.0,188.77777777777777,57.74603174603174,13.396825396825397,36.2063492063492
2024-10-06,15.0,196.4920634920635,65.5079365079365,23.798941798941797,30.333333333333332
2024-10-13,22.0,178.5079365079365,71.84126984126983,37.15873015873016,38.492063492063494
2024-10-20,25.0,174.3968253968254,76.6984126984127,67.03968253968253,31.269841269841272
2024-10-27,28.0,150.55555555555554,76.98412698412699,45.04761904761905,27.857142857142858
2024-11-03,54.0,149.46031746031747,83.61904761904762,61.48412698412699,30.396825396825395
2024-11-10,50.0,156.66666666666666,79.14285714285715,8.11111111111111,23.80952380952381
2024-11-17,54.0,124.92063492063491,78.46031746031746,24.267195767195766,30.95238095238095
2024-11-24,76.0,131.7301587301587,74.93650793650794,24.335978835978835,38.682539682539684
2024-12-01,70.0,121.71428571428571,76.07936507936508,8.584656084656084,21.19047619047619
2024-12-08,101.0,112.68253968253968,73.69841269841271,16.46031746031746,38.57142857142857
2024-12-15,221.0,66.06349206349206,73.63492063492065,18.82169312169312,27.11111111111111
2024-12-22,117.0,92.33333333333333,68.73015873015873,9.227513227513228,33.85714285714286
2024-12-29,164.0,87.98412698412699,75.06349206349206,8.761904761904763,27.412698412698415
2025-01-05,442.0,73.4920634920635,75.17460317460318,11.113227513227514,28.714285714285715
2025-01-12,574.0,108.98412698412699,71.46031746031746,13.174603174603174,43.0
2025-01-19,622.0,60.761904761904766,58.61904761904762,4.791005291005291,23.555555555555557
2025-01-26,506.0,106.22222222222223,79.92063492063491,43.611111111111114,38.61904761904762
2025-02-02,419.0,97.32407407407408,69.58333333333333,38.18518518518519,55.31481481481481
